"Index","Adjusted"
2005-01-03,1.344
2005-01-04,1.351
2005-01-05,1.374
2005-01-06,1.3925
2005-01-07,1.394
2005-01-10,1.392
2005-01-11,1.375
2005-01-12,1.3575
2005-01-13,1.351
2005-01-14,1.3475
2005-01-17,1.335
2005-01-18,1.34
2005-01-19,1.3425
2005-01-20,1.35
2005-01-21,1.345
2005-01-24,1.335
2005-01-25,1.3325
2005-01-26,1.32
2005-01-27,1.335
2005-01-28,1.336
2005-01-31,1.332
2005-02-01,1.308
2005-02-02,1.325
2005-02-03,1.324
2005-02-04,1.31
2005-02-07,1.319
2005-02-08,1.329
2005-02-09,1.331
2005-02-10,1.33
2005-02-11,1.3175
2005-02-14,1.3095
2005-02-15,1.311
2005-02-16,1.315
2005-02-17,1.3035
2005-02-18,1.307
2005-02-21,1.299
2005-02-22,1.294
2005-02-23,1.301
2005-02-24,1.299
2005-02-25,1.2915
2005-02-28,1.278
2005-03-01,1.279
2005-03-02,1.28
2005-03-03,1.28
2005-03-04,1.253
2005-03-07,1.2565
2005-03-08,1.252
2005-03-09,1.2565
2005-03-10,1.2745
2005-03-11,1.2615
2005-03-14,1.288
2005-03-15,1.302
2005-03-16,1.3145
2005-03-17,1.316
2005-03-18,1.315
2005-03-21,1.335
2005-03-22,1.3475
2005-03-23,1.358
2005-03-24,1.3635
2005-03-25,1.351
2005-03-27,1.378
2005-03-28,1.388
2005-03-29,1.361
2005-03-30,1.3485
2005-03-31,1.35
2005-04-03,1.364
2005-04-04,1.355
2005-04-05,1.351
2005-04-06,1.3445
2005-04-07,1.347
2005-04-10,1.344
2005-04-11,1.347
2005-04-12,1.339
2005-04-13,1.364
2005-04-14,1.364
2005-04-17,1.369
2005-04-18,1.361
2005-04-19,1.3505
2005-04-20,1.3625
2005-04-21,1.3535
2005-04-24,1.363
2005-04-25,1.36
2005-04-26,1.374
2005-04-27,1.3925
2005-04-28,1.3815
2005-05-01,1.375
2005-05-02,1.361
2005-05-03,1.339
2005-05-04,1.34
2005-05-05,1.3445
2005-05-08,1.35
2005-05-09,1.364
2005-05-10,1.367
2005-05-11,1.357
2005-05-12,1.3665
2005-05-15,NA
2005-05-16,1.3735
2005-05-17,1.3645
2005-05-18,1.357
2005-05-19,1.376
2005-05-22,1.38
2005-05-23,1.375
2005-05-24,1.3773
2005-05-25,1.377
2005-05-26,1.3615
2005-05-29,1.357
2005-05-30,1.357
2005-05-31,1.349
2005-06-01,1.34
2005-06-02,1.3565
2005-06-05,1.358
2005-06-06,1.363
2005-06-07,1.351
2005-06-08,1.3575
2005-06-09,1.361
2005-06-12,1.373
2005-06-13,1.379
2005-06-14,1.366
2005-06-15,1.3605
2005-06-16,1.351
2005-06-19,1.355
2005-06-20,1.353
2005-06-21,1.3455
2005-06-22,1.347
2005-06-23,1.348
2005-06-26,1.3433
2005-06-27,1.3375
2005-06-28,1.3345
2005-06-29,1.3265
2005-06-30,1.3285
2005-07-03,1.337
2005-07-04,1.3395
2005-07-05,1.348
2005-07-06,1.3485
2005-07-07,1.3425
2005-07-10,1.3365
2005-07-11,1.324
2005-07-12,1.328
2005-07-13,1.328
2005-07-14,1.325
2005-07-17,1.331
2005-07-18,1.331
2005-07-19,1.3285
2005-07-20,1.325
2005-07-21,1.3345
2005-07-24,1.333
2005-07-25,1.339
2005-07-26,1.336
2005-07-27,1.323
2005-07-28,1.3213
2005-07-31,1.319
2005-08-01,1.3135
2005-08-02,1.3105
2005-08-03,1.31
2005-08-04,1.3145
2005-08-07,1.322
2005-08-08,1.324
2005-08-09,1.321
2005-08-10,1.328
2005-08-11,1.347
2005-08-14,1.343
2005-08-15,1.347
2005-08-16,1.368
2005-08-17,1.37
2005-08-18,1.379
2005-08-21,1.359
2005-08-22,1.365
2005-08-23,1.3655
2005-08-24,1.365
2005-08-25,1.356
2005-08-28,1.355
2005-08-29,1.35
2005-08-30,1.3425
2005-08-31,1.334
2005-09-01,1.334
2005-09-04,1.331
2005-09-05,1.3295
2005-09-06,1.333
2005-09-07,1.3325
2005-09-08,1.334
2005-09-11,1.337
2005-09-12,1.342
2005-09-13,1.34
2005-09-14,1.3375
2005-09-15,1.3405
2005-09-18,1.3435
2005-09-19,1.342
2005-09-20,NA
2005-09-21,1.3395
2005-09-22,1.3465
2005-09-25,1.3465
2005-09-26,1.353
2005-09-27,1.348
2005-09-28,1.348
2005-09-29,1.344
2005-10-02,1.335
2005-10-03,1.351
2005-10-04,1.35
2005-10-05,1.36
2005-10-06,1.345
2005-10-09,1.348
2005-10-10,1.3475
2005-10-11,1.359
2005-10-12,1.366
2005-10-13,1.364
2005-10-16,1.36
2005-10-17,1.368
2005-10-18,1.368
2005-10-19,1.3655
2005-10-20,1.361
2005-10-23,1.36
2005-10-24,1.351
2005-10-25,1.3545
2005-10-26,1.35
2005-10-27,1.35
2005-10-31,1.346
2005-11-01,1.3445
2005-11-02,1.345
2005-11-03,1.3475
2005-11-04,1.359
2005-11-07,1.358
2005-11-08,1.3595
2005-11-09,1.3588
2005-11-10,1.363
2005-11-11,1.3565
2005-11-14,1.36
2005-11-15,1.356
2005-11-16,1.359
2005-11-17,1.349
2005-11-18,1.366
2005-11-21,1.364
2005-11-22,1.363
2005-11-23,1.3565
2005-11-24,1.3525
2005-11-25,1.3565
2005-11-28,1.3535
2005-11-29,1.3545
2005-11-30,1.355
2005-12-01,1.3585
2005-12-02,1.3555
2005-12-05,1.3527
2005-12-06,1.351
2005-12-07,1.355
2005-12-08,1.3545
2005-12-09,1.357
2005-12-12,1.3475
2005-12-13,1.3455
2005-12-14,1.3455
2005-12-15,1.3475
2005-12-16,1.342
2005-12-19,1.35
2005-12-20,1.35
2005-12-21,1.35
2005-12-22,1.35
2005-12-23,1.3495
2005-12-26,1.346
2005-12-27,1.349
2005-12-28,1.3482
2005-12-29,1.348
2005-12-30,1.35
2006-01-02,1.3495
2006-01-03,1.342
2006-01-04,1.3328
2006-01-05,1.3325
2006-01-06,1.328
2006-01-09,1.334
2006-01-10,1.3435
2006-01-11,1.3338
2006-01-12,1.3355
2006-01-13,1.3365
2006-01-16,1.3293
2006-01-17,1.337
2006-01-18,1.3365
2006-01-19,1.335
2006-01-20,1.335
2006-01-23,1.3245
2006-01-24,1.323
2006-01-25,1.321
2006-01-26,1.3243
2006-01-27,1.3183
2006-01-30,1.323
2006-01-31,1.323
2006-02-01,1.323
2006-02-02,1.323
2006-02-03,1.323
2006-02-06,1.3275
2006-02-07,1.33
2006-02-08,1.33
2006-02-09,1.33
2006-02-10,1.33
2006-02-13,1.326
2006-02-14,1.3265
2006-02-15,1.3335
2006-02-16,1.3275
2006-02-17,1.3195
2006-02-20,1.3155
2006-02-21,1.3167
2006-02-22,1.323
2006-02-23,1.3208
2006-02-24,1.32
2006-02-27,1.3127
2006-02-28,1.313
2006-03-01,1.3075
2006-03-02,1.301
2006-03-03,1.3038
2006-03-06,1.3122
2006-03-07,1.3315
2006-03-08,1.3558
2006-03-09,1.3485
2006-03-10,1.35
2006-03-13,1.3441
2006-03-14,1.3347
2006-03-15,1.337
2006-03-16,1.3175
2006-03-17,1.319
2006-03-20,1.3305
2006-03-21,1.3427
2006-03-22,1.3405
2006-03-23,1.342
2006-03-24,1.333
2006-03-26,1.347
2006-03-27,1.3481
2006-03-28,1.352
2006-03-29,1.3435
2006-03-30,1.3365
2006-04-02,1.335
2006-04-03,1.3265
2006-04-04,1.33
2006-04-05,1.3365
2006-04-06,1.337
2006-04-09,1.332
2006-04-10,1.3375
2006-04-11,1.341
2006-04-12,1.347
2006-04-13,1.347
2006-04-16,1.347
2006-04-17,1.3305
2006-04-18,1.324
2006-04-19,1.322
2006-04-20,1.318
2006-04-23,1.3165
2006-04-24,1.3177
2006-04-25,1.319
2006-04-26,1.314
2006-04-27,1.3115
2006-04-30,1.3115
2006-05-01,1.3083
2006-05-02,1.3128
2006-05-03,1.3125
2006-05-04,1.3098
2006-05-07,1.3175
2006-05-08,1.3355
2006-05-09,1.3475
2006-05-10,1.3604
2006-05-11,1.393
2006-05-14,1.457
2006-05-15,1.446
2006-05-16,1.477
2006-05-17,1.498
2006-05-18,1.478
2006-05-21,1.535
2006-05-22,1.491
2006-05-23,1.549
2006-05-24,1.549
2006-05-25,1.525
2006-05-28,1.526
2006-05-29,1.5388
2006-05-30,1.5632
2006-05-31,1.53
2006-06-01,1.585
2006-06-04,1.585
2006-06-05,1.5615
2006-06-06,1.5475
2006-06-07,1.5525
2006-06-08,1.5347
2006-06-11,1.559
2006-06-12,1.5838
2006-06-13,1.593
2006-06-14,1.5943
2006-06-15,1.5875
2006-06-18,1.596
2006-06-19,1.62
2006-06-20,1.65
2006-06-21,1.6721
2006-06-22,1.699
2006-06-25,1.6615
2006-06-26,1.6288
2006-06-27,1.5995
2006-06-28,1.594
2006-06-29,1.578
2006-07-02,1.541
2006-07-03,1.541
2006-07-04,1.588
2006-07-05,1.557
2006-07-06,1.5484
2006-07-09,1.539
2006-07-10,1.54
2006-07-11,1.5485
2006-07-12,1.5793
2006-07-13,1.577
2006-07-16,1.577
2006-07-17,1.5758
2006-07-18,1.549
2006-07-19,1.5443
2006-07-20,1.543
2006-07-23,1.534
2006-07-24,1.528
2006-07-25,1.5155
2006-07-26,1.485
2006-07-27,1.4833
2006-07-30,1.489
2006-07-31,1.4995
2006-08-01,1.4885
2006-08-02,1.486
2006-08-03,1.46
2006-08-06,1.456
2006-08-07,1.462
2006-08-08,1.439
2006-08-09,1.4505
2006-08-10,1.444
2006-08-13,1.4575
2006-08-14,1.452
2006-08-15,1.435
2006-08-16,1.435
2006-08-17,1.456
2006-08-20,1.447
2006-08-21,1.462
2006-08-22,1.466
2006-08-23,1.4784
2006-08-24,1.4885
2006-08-27,1.486
2006-08-28,1.473
2006-08-29,1.4715
2006-08-30,1.465
2006-08-31,1.459
2006-09-03,1.437
2006-09-04,1.4425
2006-09-05,1.466
2006-09-06,1.4685
2006-09-07,1.4875
2006-09-10,1.478
2006-09-11,1.4625
2006-09-12,1.465
2006-09-13,1.4624
2006-09-14,1.4585
2006-09-17,1.456
2006-09-18,1.4621
2006-09-19,1.465
2006-09-20,1.491
2006-09-21,1.5085
2006-09-24,1.523
2006-09-25,1.505
2006-09-26,1.4885
2006-09-27,1.4995
2006-09-28,1.5075
2006-10-01,1.497
2006-10-02,1.497
2006-10-03,1.4965
2006-10-04,1.49
2006-10-05,1.488
2006-10-08,1.495
2006-10-09,1.4835
2006-10-10,1.482
2006-10-11,1.4642
2006-10-12,1.4663
2006-10-15,1.4653
2006-10-16,1.4735
2006-10-17,1.461
2006-10-18,1.451
2006-10-19,1.4539
2006-10-22,1.46
2006-10-23,1.4595
2006-10-24,1.4536
2006-10-25,1.436
2006-10-26,1.437
2006-10-30,1.45
2006-10-31,1.4495
2006-11-01,1.4475
2006-11-02,1.464
2006-11-03,1.444
2006-11-06,1.4385
2006-11-07,1.439
2006-11-08,1.446
2006-11-09,1.4375
2006-11-10,1.4405
2006-11-13,1.445
2006-11-14,1.4443
2006-11-15,1.441
2006-11-16,1.434
2006-11-17,1.4465
2006-11-20,1.443
2006-11-21,1.4625
2006-11-22,1.466
2006-11-23,1.472
2006-11-24,1.4605
2006-11-27,1.465
2006-11-28,1.4659
2006-11-29,1.4565
2006-11-30,1.4465
2006-12-01,1.444
2006-12-04,1.4415
2006-12-05,1.4392
2006-12-06,1.436
2006-12-07,1.424
2006-12-08,1.4245
2006-12-11,1.422
2006-12-12,1.424
2006-12-13,1.4105
2006-12-14,1.4155
2006-12-15,1.4182
2006-12-18,1.423
2006-12-19,1.424
2006-12-20,1.421
2006-12-21,1.4215
2006-12-22,1.42
2006-12-25,1.42
2006-12-26,1.42
2006-12-27,1.4169
2006-12-28,1.405
2006-12-29,1.4101
2007-01-01,1.408
2007-01-02,1.4012
2007-01-03,1.402
2007-01-04,1.412
2007-01-05,1.436
2007-01-08,1.436
2007-01-09,1.441
2007-01-10,1.44
2007-01-11,1.429
2007-01-12,1.422
2007-01-15,1.4175
2007-01-16,1.4255
2007-01-17,1.4175
2007-01-18,1.4153
2007-01-19,1.408
2007-01-22,1.405
2007-01-23,1.406
2007-01-24,1.408
2007-01-25,1.422
2007-01-26,1.425
2007-01-29,1.4235
2007-01-30,1.415
2007-01-31,1.403
2007-02-01,1.399
2007-02-02,1.3995
2007-02-05,1.398
2007-02-06,1.396
2007-02-07,1.3935
2007-02-08,1.3995
2007-02-09,1.395
2007-02-12,1.4058
2007-02-13,1.3965
2007-02-14,1.3785
2007-02-15,1.386
2007-02-16,1.382
2007-02-19,1.3745
2007-02-20,1.377
2007-02-21,1.3805
2007-02-22,1.379
2007-02-23,1.375
2007-02-26,1.376
2007-02-27,1.404
2007-02-28,1.407
2007-03-01,1.4168
2007-03-02,1.426
2007-03-05,1.4387
2007-03-06,1.43
2007-03-07,1.4235
2007-03-08,1.4146
2007-03-09,1.403
2007-03-12,1.3995
2007-03-13,1.411
2007-03-14,1.42
2007-03-15,1.395
2007-03-16,1.4025
2007-03-19,1.389
2007-03-20,1.391
2007-03-21,1.3849
2007-03-22,1.375
2007-03-23,1.3785
2007-03-25,1.3825
2007-03-26,1.3833
2007-03-27,1.3868
2007-03-28,1.3835
2007-03-29,1.3847
2007-04-01,1.382
2007-04-02,1.362
2007-04-03,1.3625
2007-04-04,1.3585
2007-04-05,1.3585
2007-04-08,1.3585
2007-04-09,1.3631
2007-04-10,1.3655
2007-04-11,1.368
2007-04-12,1.3653
2007-04-15,1.347
2007-04-16,1.341
2007-04-17,1.3435
2007-04-18,1.3445
2007-04-19,1.3342
2007-04-22,1.3348
2007-04-23,1.3317
2007-04-24,1.32
2007-04-25,1.327
2007-04-26,1.328
2007-04-29,1.362
2007-04-30,1.362
2007-05-01,1.351
2007-05-02,1.3466
2007-05-03,1.339
2007-05-06,1.329
2007-05-07,1.3317
2007-05-08,1.3302
2007-05-09,1.34
2007-05-10,1.3275
2007-05-13,1.328
2007-05-14,1.3185
2007-05-15,1.3195
2007-05-16,1.3195
2007-05-17,1.318
2007-05-20,1.3195
2007-05-21,1.317
2007-05-22,1.316
2007-05-23,1.33
2007-05-24,1.3199
2007-05-27,1.3199
2007-05-28,1.318
2007-05-29,1.3235
2007-05-30,1.311
2007-05-31,1.303
2007-06-03,1.3037
2007-06-04,1.306
2007-06-05,1.3185
2007-06-06,1.324
2007-06-07,1.3382
2007-06-10,1.328
2007-06-11,1.332
2007-06-12,1.3325
2007-06-13,1.319
2007-06-14,1.3
2007-06-17,1.291
2007-06-18,1.2955
2007-06-19,1.295
2007-06-20,1.3041
2007-06-21,1.304
2007-06-24,1.311
2007-06-25,1.3155
2007-06-26,1.325
2007-06-27,1.3085
2007-06-28,1.3011
2007-07-01,1.2905
2007-07-02,1.2877
2007-07-03,1.283
2007-07-04,1.2921
2007-07-05,1.2838
2007-07-08,1.2776
2007-07-09,1.2813
2007-07-10,1.2785
2007-07-11,1.271
2007-07-12,1.2623
2007-07-15,1.2716
2007-07-16,1.2671
2007-07-17,1.2746
2007-07-18,1.2642
2007-07-19,1.2655
2007-07-22,1.2412
2007-07-23,1.2378
2007-07-24,1.2461
2007-07-25,1.2989
2007-07-26,1.2983
2007-07-29,1.2841
2007-07-30,1.282
2007-07-31,1.2858
2007-08-01,1.2709
2007-08-02,1.2851
2007-08-05,1.2706
2007-08-06,1.2694
2007-08-07,1.2495
2007-08-08,1.2804
2007-08-09,1.2878
2007-08-12,1.2947
2007-08-13,1.3053
2007-08-14,1.338
2007-08-15,1.3985
2007-08-16,1.3515
2007-08-19,1.3642
2007-08-20,1.3535
2007-08-21,1.3258
2007-08-22,1.326
2007-08-23,1.3188
2007-08-26,1.3171
2007-08-27,1.3376
2007-08-28,1.309
2007-08-29,1.3033
2007-08-30,1.295
2007-09-02,1.2927
2007-09-03,1.2914
2007-09-04,1.2994
2007-09-05,1.2874
2007-09-06,1.2954
2007-09-09,NA
2007-09-10,1.2757
2007-09-11,1.2636
2007-09-12,1.2541
2007-09-13,1.2523
2007-09-16,1.2655
2007-09-17,1.237
2007-09-18,1.2311
2007-09-19,1.2338
2007-09-20,1.2181
2007-09-23,1.219
2007-09-24,1.2233
2007-09-25,1.2134
2007-09-26,1.2087
2007-09-27,1.2019
2007-09-30,1.1936
2007-10-01,1.2021
2007-10-02,1.2021
2007-10-03,1.1938
2007-10-04,1.1789
2007-10-07,1.1862
2007-10-08,1.1841
2007-10-09,1.1851
2007-10-10,1.1911
2007-10-11,1.1877
2007-10-14,1.2213
2007-10-15,1.215
2007-10-16,1.198
2007-10-17,1.1985
2007-10-18,1.2038
2007-10-21,1.2248
2007-10-22,1.2073
2007-10-23,1.2095
2007-10-24,1.1895
2007-10-25,1.1853
2007-10-29,1.1805
2007-10-30,1.1804
2007-10-31,1.1655
2007-11-01,1.1808
2007-11-02,1.1738
2007-11-05,1.1788
2007-11-06,1.165
2007-11-07,1.1887
2007-11-08,1.1784
2007-11-09,1.1913
2007-11-12,1.2195
2007-11-13,1.187
2007-11-14,1.1756
2007-11-15,1.1906
2007-11-16,1.1778
2007-11-19,1.1921
2007-11-20,1.1828
2007-11-21,1.201
2007-11-22,1.1916
2007-11-23,1.1937
2007-11-26,NA
2007-11-27,1.2121
2007-11-28,1.1825
2007-11-29,1.1756
2007-11-30,1.1728
2007-12-03,1.1733
2007-12-04,1.185
2007-12-05,1.1679
2007-12-06,1.1748
2007-12-07,1.1725
2007-12-10,1.1621
2007-12-11,1.1793
2007-12-12,1.1617
2007-12-13,1.1735
2007-12-14,1.1761
2007-12-17,1.1924
2007-12-18,NA
2007-12-19,1.186
2007-12-20,1.1884
2007-12-21,1.1835
2007-12-24,1.1835
2007-12-25,1.1835
2007-12-26,1.178
2007-12-27,1.1657
2007-12-28,1.1628
2007-12-31,1.1628
2008-01-01,1.1715
2008-01-02,1.1712
2008-01-03,1.1686
2008-01-04,1.1721
2008-01-07,1.1615
2008-01-08,1.1524
2008-01-09,1.157
2008-01-10,1.1455
2008-01-11,1.1424
2008-01-14,1.1423
2008-01-15,1.1485
2008-01-16,1.1709
2008-01-17,1.1747
2008-01-18,1.187
2008-01-21,1.2125
2008-01-22,1.1929
2008-01-23,1.197
2008-01-24,1.1754
2008-01-25,1.1809
2008-01-28,1.1811
2008-01-29,1.1662
2008-01-30,1.1688
2008-01-31,1.1687
2008-02-01,1.1672
2008-02-04,1.1572
2008-02-05,1.1871
2008-02-06,1.1883
2008-02-07,1.2027
2008-02-08,1.2205
2008-02-11,1.221
2008-02-12,1.2013
2008-02-13,1.203
2008-02-14,1.1897
2008-02-15,1.1925
2008-02-18,1.1845
2008-02-19,1.1957
2008-02-20,1.2077
2008-02-21,1.2075
2008-02-22,1.198
2008-02-25,1.1984
2008-02-26,1.1881
2008-02-27,1.1718
2008-02-28,1.1744
2008-02-29,1.2173
2008-03-03,1.2187
2008-03-04,1.2202
2008-03-05,1.2069
2008-03-06,1.2519
2008-03-07,1.2501
2008-03-10,1.26
2008-03-11,1.2147
2008-03-12,1.2217
2008-03-13,1.2232
2008-03-14,1.2318
2008-03-17,1.259
2008-03-18,1.2127
2008-03-19,1.2399
2008-03-20,1.2457
2008-03-21,1.2466
2008-03-24,1.2333
2008-03-25,1.245
2008-03-26,1.2628
2008-03-27,1.2673
2008-03-28,1.2906
2008-03-30,1.3318
2008-03-31,NA
2008-04-01,1.2823
2008-04-02,1.2918
2008-04-03,1.2805
2008-04-06,1.2825
2008-04-07,1.2956
2008-04-08,1.298
2008-04-09,1.289
2008-04-10,1.2962
2008-04-13,1.3075
2008-04-14,1.3126
2008-04-15,1.319
2008-04-16,1.3228
2008-04-17,1.3155
2008-04-20,1.3121
2008-04-21,1.2962
2008-04-22,1.284
2008-04-23,1.2781
2008-04-24,1.2808
2008-04-27,1.2712
2008-04-28,1.2868
2008-04-29,1.2676
2008-04-30,NA
2008-05-01,1.251
2008-05-04,1.261
2008-05-05,1.2485
2008-05-06,1.2539
2008-05-07,1.2576
2008-05-08,1.2653
2008-05-11,1.2506
2008-05-12,1.241
2008-05-13,1.2434
2008-05-14,1.2303
2008-05-15,1.2292
2008-05-18,1.2256
2008-05-19,1.2368
2008-05-20,1.2358
2008-05-21,1.2417
2008-05-22,1.2405
2008-05-25,1.24
2008-05-26,1.2273
2008-05-27,1.2163
2008-05-28,1.1963
2008-05-29,1.2139
2008-06-01,1.222
2008-06-02,1.2192
2008-06-03,1.2225
2008-06-04,1.2324
2008-06-05,1.2411
2008-06-08,1.2328
2008-06-09,1.2547
2008-06-10,1.2623
2008-06-11,1.2465
2008-06-12,1.253
2008-06-15,1.2413
2008-06-16,1.2209
2008-06-17,1.2323
2008-06-18,1.2158
2008-06-19,1.2189
2008-06-22,1.2327
2008-06-23,1.2294
2008-06-24,1.2144
2008-06-25,1.2186
2008-06-26,1.2195
2008-06-29,1.2232
2008-06-30,NA
2008-07-01,1.2343
2008-07-02,1.2392
2008-07-03,1.2271
2008-07-06,1.2191
2008-07-07,1.2193
2008-07-08,1.2258
2008-07-09,1.2159
2008-07-10,1.2206
2008-07-13,1.2169
2008-07-14,1.2081
2008-07-15,1.1964
2008-07-16,1.1904
2008-07-17,1.1813
2008-07-20,1.1874
2008-07-21,1.1909
2008-07-22,1.202
2008-07-23,1.2067
2008-07-24,1.2069
2008-07-27,1.198
2008-07-28,1.1864
2008-07-29,1.1594
2008-07-30,1.1516
2008-07-31,1.147
2008-08-03,1.1441
2008-08-04,1.1499
2008-08-05,1.1575
2008-08-06,1.1698
2008-08-07,1.1789
2008-08-10,1.1835
2008-08-11,1.1755
2008-08-12,1.1835
2008-08-13,1.1814
2008-08-14,1.1781
2008-08-17,1.1802
2008-08-18,1.1817
2008-08-19,1.1906
2008-08-20,1.1849
2008-08-21,1.1806
2008-08-24,1.184
2008-08-25,1.1835
2008-08-26,1.186
2008-08-27,1.1858
2008-08-28,1.1772
2008-08-31,1.1773
2008-09-01,1.187
2008-09-02,1.2135
2008-09-03,1.2421
2008-09-04,1.2314
2008-09-07,1.2253
2008-09-08,1.2355
2008-09-09,1.2363
2008-09-10,1.254
2008-09-11,1.2332
2008-09-14,1.2617
2008-09-15,1.2652
2008-09-16,1.2849
2008-09-17,1.27
2008-09-18,1.2351
2008-09-21,1.2304
2008-09-22,1.2402
2008-09-23,1.2429
2008-09-24,1.226
2008-09-25,1.2267
2008-09-28,1.2726
2008-09-29,1.264
2008-09-30,1.2684
2008-10-01,1.3147
2008-10-02,1.298
2008-10-05,1.3655
2008-10-06,1.3625
2008-10-07,1.4068
2008-10-08,1.4305
2008-10-09,1.4285
2008-10-12,1.3815
2008-10-13,1.3747
2008-10-14,1.4833
2008-10-15,1.4856
2008-10-16,1.5
2008-10-19,1.5058
2008-10-20,1.5819
2008-10-21,1.6915
2008-10-22,1.6413
2008-10-23,1.6603
2008-10-27,1.632
2008-10-28,1.5268
2008-10-29,1.5018
2008-10-30,1.5162
2008-10-31,1.5238
2008-11-03,1.5488
2008-11-04,1.4795
2008-11-05,1.5339
2008-11-06,1.5363
2008-11-07,1.5164
2008-11-10,1.5331
2008-11-11,1.5877
2008-11-12,1.6506
2008-11-13,1.6227
2008-11-14,1.6187
2008-11-17,1.6341
2008-11-18,1.6522
2008-11-19,1.7223
2008-11-20,1.7018
2008-11-21,1.6666
2008-11-24,1.5788
2008-11-25,1.5541
2008-11-26,1.5693
2008-11-27,1.5707
2008-11-28,1.5665
2008-12-01,1.5985
2008-12-02,1.5628
2008-12-03,1.5608
2008-12-04,1.5603
2008-12-05,1.597
2008-12-08,1.5546
2008-12-09,1.5509
2008-12-10,1.5424
2008-12-11,1.5282
2008-12-12,1.5469
2008-12-15,1.5554
2008-12-16,1.54
2008-12-17,1.5246
2008-12-18,1.51
2008-12-19,1.5288
2008-12-22,1.525
2008-12-23,1.5032
2008-12-24,1.5032
2008-12-25,1.5032
2008-12-26,1.5091
2008-12-29,1.517
2008-12-30,1.5205
2008-12-31,1.4932
2009-01-01,1.5311
2009-01-02,1.5357
2009-01-05,1.5311
2009-01-06,1.5017
2009-01-07,1.5517
2009-01-08,1.5626
2009-01-09,1.5457
2009-01-12,1.5837
2009-01-13,1.5797
2009-01-14,1.6246
2009-01-15,1.6102
2009-01-16,1.6307
2009-01-19,1.6436
2009-01-20,1.6686
2009-01-21,1.6491
2009-01-22,1.6544
2009-01-23,1.6689
2009-01-26,1.6266
2009-01-27,1.6231
2009-01-28,1.6164
2009-01-29,1.6367
2009-01-30,1.632
2009-02-02,1.65
2009-02-03,1.6369
2009-02-04,1.6418
2009-02-05,1.6249
2009-02-06,1.6152
2009-02-09,1.6119
2009-02-10,1.6398
2009-02-11,1.6335
2009-02-12,1.6477
2009-02-13,1.6458
2009-02-16,1.6675
2009-02-17,1.7058
2009-02-18,1.7007
2009-02-19,1.6936
2009-02-20,1.7018
2009-02-23,1.6958
2009-02-24,1.6809
2009-02-25,1.6917
2009-02-26,1.6873
2009-02-27,1.6996
2009-03-02,1.7326
2009-03-03,1.7374
2009-03-04,1.7189
2009-03-05,1.7849
2009-03-06,1.7873
2009-03-09,1.8032
2009-03-10,1.7545
2009-03-11,1.7416
2009-03-12,1.6867
2009-03-13,1.7032
2009-03-16,1.6955
2009-03-17,1.6963
2009-03-18,1.6804
2009-03-19,1.7115
2009-03-20,1.6883
2009-03-23,1.6583
2009-03-24,1.652
2009-03-25,1.6593
2009-03-26,1.6547
2009-03-27,1.6705
2009-03-29,1.6831
2009-03-30,1.6676
2009-03-31,1.6216
2009-04-01,1.592
2009-04-02,1.5765
2009-04-05,1.5864
2009-04-06,1.6005
2009-04-07,1.5809
2009-04-08,1.5678
2009-04-09,1.5672
2009-04-12,1.5681
2009-04-13,1.5941
2009-04-14,1.5983
2009-04-15,1.6014
2009-04-16,1.6086
2009-04-19,1.6546
2009-04-20,1.638
2009-04-21,1.6372
2009-04-22,1.6357
2009-04-23,1.6069
2009-04-26,1.6312
2009-04-27,1.6114
2009-04-28,1.5883
2009-04-29,1.5958
2009-04-30,1.5903
2009-05-03,1.5597
2009-05-04,1.5666
2009-05-05,1.5569
2009-05-06,1.5581
2009-05-07,1.5383
2009-05-10,1.5686
2009-05-11,1.5624
2009-05-12,1.5755
2009-05-13,1.564
2009-05-14,1.5674
2009-05-17,1.5415
2009-05-18,1.5315
2009-05-19,1.5121
2009-05-20,1.536
2009-05-21,1.5317
2009-05-24,1.5242
2009-05-25,1.542
2009-05-26,1.5432
2009-05-27,1.5468
2009-05-28,1.533
2009-05-31,1.5207
2009-06-01,1.5209
2009-06-02,1.5466
2009-06-03,1.5359
2009-06-04,1.5354
2009-06-07,1.5556
2009-06-08,1.5457
2009-06-09,1.5518
2009-06-10,1.5297
2009-06-11,1.5316
2009-06-14,1.5482
2009-06-15,1.5539
2009-06-16,1.5583
2009-06-17,1.5511
2009-06-18,1.55
2009-06-21,1.5774
2009-06-22,1.566
2009-06-23,1.5544
2009-06-24,1.5476
2009-06-25,1.5323
2009-06-28,1.538
2009-06-29,1.539
2009-06-30,1.5223
2009-07-01,1.5357
2009-07-02,1.5351
2009-07-05,1.5432
2009-07-06,1.5496
2009-07-07,1.563
2009-07-08,1.5412
2009-07-09,1.5484
2009-07-12,1.5428
2009-07-13,1.5439
2009-07-14,1.5264
2009-07-15,1.5245
2009-07-16,1.5233
2009-07-19,1.5045
2009-07-20,1.5058
2009-07-21,1.4901
2009-07-22,1.4902
2009-07-23,1.4759
2009-07-26,1.4735
2009-07-27,1.4788
2009-07-28,1.4994
2009-07-29,1.4758
2009-07-30,1.4697
2009-08-02,1.4536
2009-08-03,1.4595
2009-08-04,1.4634
2009-08-05,1.4766
2009-08-06,1.4623
2009-08-09,1.4806
2009-08-10,1.5007
2009-08-11,1.4917
2009-08-12,1.4775
2009-08-13,1.4896
2009-08-16,1.4913
2009-08-17,1.484
2009-08-18,1.4965
2009-08-19,1.4764
2009-08-20,1.4707
2009-08-23,1.4757
2009-08-24,1.4752
2009-08-25,1.5035
2009-08-26,1.4879
2009-08-27,1.4832
2009-08-30,1.4995
2009-08-31,1.5175
2009-09-01,1.5112
2009-09-02,1.5047
2009-09-03,1.4897
2009-09-06,1.4877
2009-09-07,1.4849
2009-09-08,1.499
2009-09-09,1.4964
2009-09-10,1.4922
2009-09-13,1.4944
2009-09-14,1.4748
2009-09-15,1.4692
2009-09-16,1.468
2009-09-17,1.4789
2009-09-20,1.4898
2009-09-21,1.476
2009-09-22,1.4816
2009-09-23,1.4866
2009-09-24,1.4823
2009-09-27,1.4914
2009-09-28,1.4911
2009-09-29,1.4831
2009-09-30,1.5001
2009-10-01,1.4919
2009-10-04,1.4803
2009-10-05,1.4658
2009-10-06,1.4691
2009-10-07,1.4587
2009-10-08,1.4647
2009-10-11,1.4561
2009-10-12,1.4553
2009-10-13,1.4426
2009-10-14,1.4436
2009-10-15,1.4604
2009-10-18,1.4526
2009-10-19,1.464
2009-10-20,1.4651
2009-10-21,1.464
2009-10-22,1.4715
2009-10-26,1.4889
2009-10-27,1.4929
2009-10-28,1.5076
2009-10-29,1.4845
2009-10-30,1.4987
2009-11-02,1.5018
2009-11-03,1.5022
2009-11-04,1.4906
2009-11-05,1.4847
2009-11-06,1.4832
2009-11-09,1.4701
2009-11-10,1.4718
2009-11-11,1.4737
2009-11-12,1.4834
2009-11-13,1.4753
2009-11-16,1.4704
2009-11-17,1.4788
2009-11-18,1.4792
2009-11-19,1.491
2009-11-20,1.4969
2009-11-23,1.4968
2009-11-24,1.4961
2009-11-25,1.4886
2009-11-26,1.5285
2009-11-27,1.5201
2009-11-30,1.5274
2009-12-01,1.5008
2009-12-02,1.4984
2009-12-03,1.4835
2009-12-04,1.4894
2009-12-07,1.4866
2009-12-08,1.5077
2009-12-09,1.504
2009-12-10,1.4983
2009-12-11,1.5077
2009-12-14,1.4993
2009-12-15,1.5113
2009-12-16,1.506
2009-12-17,1.5208
2009-12-18,1.5199
2009-12-21,1.5261
2009-12-22,1.5247
2009-12-23,1.5195
2009-12-24,1.5137
2009-12-25,NA
2009-12-28,1.5108
2009-12-29,1.5094
2009-12-30,1.5087
2009-12-31,1.4983
2010-01-01,NA
2010-01-04,1.4731
2010-01-05,1.4727
2010-01-06,1.4714
2010-01-07,1.4715
2010-01-08,1.458
2010-01-11,1.4502
2010-01-12,1.4535
2010-01-13,1.4516
2010-01-14,1.4549
2010-01-15,1.456
2010-01-18,1.4504
2010-01-19,1.4555
2010-01-20,1.4724
2010-01-21,1.4859
2010-01-22,1.4885
2010-01-25,1.4861
2010-01-26,1.4902
2010-01-27,1.4986
2010-01-28,1.4969
2010-01-29,1.4962
2010-02-01,1.4823
2010-02-02,1.4866
2010-02-03,1.4919
2010-02-04,1.5209
2010-02-05,1.5277
2010-02-08,1.5222
2010-02-09,1.507
2010-02-10,1.5152
2010-02-11,1.511
2010-02-12,1.5142
2010-02-15,1.5157
2010-02-16,1.5053
2010-02-17,1.5114
2010-02-18,1.5254
2010-02-19,1.5112
2010-02-22,1.5289
2010-02-23,1.5506
2010-02-24,1.547
2010-02-25,1.5464
2010-02-26,1.5462
2010-03-01,1.5357
2010-03-02,1.5339
2010-03-03,1.5369
2010-03-04,1.5508
2010-03-05,1.5367
2010-03-08,1.5307
2010-03-09,1.5328
2010-03-10,1.5318
2010-03-11,1.531
2010-03-12,1.527
2010-03-15,1.5263
2010-03-16,1.5202
2010-03-17,1.511
2010-03-18,1.5258
2010-03-19,1.5344
2010-03-22,1.5366
2010-03-23,1.537
2010-03-24,1.5502
2010-03-25,1.5429
2010-03-26,1.5349
2010-03-28,1.5271
2010-03-29,1.5281
2010-03-30,1.5156
2010-03-31,1.5145
2010-04-01,1.5131
2010-04-04,1.5061
2010-04-05,1.5035
2010-04-06,1.498
2010-04-07,1.4943
2010-04-08,1.4875
2010-04-11,1.4863
2010-04-12,1.4851
2010-04-13,1.4742
2010-04-14,1.4719
2010-04-15,1.4811
2010-04-18,1.4901
2010-04-19,1.4858
2010-04-20,1.481
2010-04-21,1.4864
2010-04-22,1.4807
2010-04-25,1.4722
2010-04-26,1.5028
2010-04-27,1.4957
2010-04-28,1.4812
2010-04-29,1.488
2010-05-02,1.4898
2010-05-03,1.5202
2010-05-04,1.535
2010-05-05,1.5895
2010-05-06,1.5615
2010-05-09,1.525
2010-05-10,1.5321
2010-05-11,1.5228
2010-05-12,1.5215
2010-05-13,1.5425
2010-05-16,1.5417
2010-05-17,1.5612
2010-05-18,1.5743
2010-05-19,1.5961
2010-05-20,1.5755
2010-05-23,1.5752
2010-05-24,1.5787
2010-05-25,1.5855
2010-05-26,1.5572
2010-05-27,1.5653
2010-05-30,1.5718
2010-05-31,1.5818
2010-06-01,1.5772
2010-06-02,1.5844
2010-06-03,1.6059
2010-06-06,1.6115
2010-06-07,1.5993
2010-06-08,1.6008
2010-06-09,1.5775
2010-06-10,1.5751
2010-06-13,1.5746
2010-06-14,1.5646
2010-06-15,1.5597
2010-06-16,1.5606
2010-06-17,1.5528
2010-06-20,1.5567
2010-06-21,1.5653
2010-06-22,1.5696
2010-06-23,1.5746
2010-06-24,1.572
2010-06-27,1.5732
2010-06-28,1.59
2010-06-29,1.5812
2010-06-30,1.5776
2010-07-01,1.5616
2010-07-04,1.5617
2010-07-05,1.553
2010-07-06,1.5506
2010-07-07,1.5465
2010-07-08,1.5512
2010-07-11,1.5533
2010-07-12,1.5423
2010-07-13,1.5377
2010-07-14,1.5311
2010-07-15,1.539
2010-07-18,1.5367
2010-07-19,1.5275
2010-07-20,1.5314
2010-07-21,1.5169
2010-07-22,1.5199
2010-07-25,1.5123
2010-07-26,1.5087
2010-07-27,1.5108
2010-07-28,1.51
2010-07-29,1.5048
2010-08-01,1.4925
2010-08-02,1.4914
2010-08-03,1.4914
2010-08-04,1.4973
2010-08-05,1.5
2010-08-08,1.4864
2010-08-09,1.4904
2010-08-10,1.4966
2010-08-11,1.5234
2010-08-12,1.5175
2010-08-15,1.5149
2010-08-16,1.5081
2010-08-17,1.4955
2010-08-18,1.4983
2010-08-19,1.5081
2010-08-22,1.514
2010-08-23,1.5279
2010-08-24,1.532
2010-08-25,1.525
2010-08-26,1.5208
2010-08-29,1.5121
2010-08-30,1.5232
2010-08-31,1.5247
2010-09-01,1.5139
2010-09-02,1.5091
2010-09-05,1.4973
2010-09-06,1.5006
2010-09-07,1.5142
2010-09-08,1.5141
2010-09-09,1.5085
2010-09-12,1.4925
2010-09-13,1.4941
2010-09-14,1.4896
2010-09-15,1.4878
2010-09-16,1.4939
2010-09-19,1.4913
2010-09-20,1.4884
2010-09-21,1.4857
2010-09-22,1.4829
2010-09-23,1.485
2010-09-26,1.4748
2010-09-27,1.4693
2010-09-28,1.4629
2010-09-29,1.4505
2010-09-30,1.4458
2010-10-03,1.4422
2010-10-04,1.4549
2010-10-05,1.4267
2010-10-06,1.4162
2010-10-07,1.4253
2010-10-10,1.4095
2010-10-11,1.4147
2010-10-12,1.4102
2010-10-13,1.4049
2010-10-14,1.4066
2010-10-17,1.4102
2010-10-18,1.4124
2010-10-19,1.4373
2010-10-20,1.4214
2010-10-21,1.4255
2010-10-24,1.4219
2010-10-25,1.416
2010-10-26,1.4251
2010-10-27,1.4424
2010-10-28,1.4293
2010-11-01,1.4317
2010-11-02,1.4248
2010-11-03,1.4095
2010-11-04,1.4022
2010-11-05,1.3929
2010-11-08,1.3959
2010-11-09,1.4098
2010-11-10,1.4144
2010-11-11,1.4145
2010-11-12,1.434
2010-11-15,1.4377
2010-11-16,1.4445
2010-11-17,1.4619
2010-11-18,1.4523
2010-11-19,1.4409
2010-11-22,1.4373
2010-11-23,1.4529
2010-11-24,1.4816
2010-11-25,1.4759
2010-11-26,1.4709
2010-11-29,1.4854
2010-11-30,1.5027
2010-12-01,1.5025
2010-12-02,1.4883
2010-12-03,1.4803
2010-12-06,1.4744
2010-12-07,1.483
2010-12-08,1.476
2010-12-09,1.4925
2010-12-10,1.507
2010-12-13,1.503
2010-12-14,1.5055
2010-12-15,1.5091
2010-12-16,1.524
2010-12-17,1.5186
2010-12-20,1.5466
2010-12-21,1.551
2010-12-22,1.5539
2010-12-23,1.553
2010-12-24,1.5443
2010-12-27,1.544
2010-12-28,1.5422
2010-12-29,1.5591
2010-12-30,1.549
2010-12-31,1.5523
2011-01-03,1.5416
2011-01-04,1.5544
2011-01-05,1.5385
2011-01-06,1.5431
2011-01-07,1.5514
2011-01-10,1.5707
2011-01-11,1.5753
2011-01-12,1.5757
2011-01-13,1.5594
2011-01-14,1.5455
2011-01-17,1.5496
2011-01-18,1.5398
2011-01-19,1.5371
2011-01-20,1.5472
2011-01-21,1.5805
2011-01-24,1.5694
2011-01-25,1.5607
2011-01-26,1.5663
2011-01-27,1.5738
2011-01-28,1.5773
2011-01-31,1.61
2011-02-01,1.6043
2011-02-02,1.5771
2011-02-03,1.5758
2011-02-04,1.5936
2011-02-07,1.5835
2011-02-08,1.5758
2011-02-09,1.5739
2011-02-10,1.5883
2011-02-11,1.5919
2011-02-14,1.586
2011-02-15,1.5935
2011-02-16,1.5942
2011-02-17,1.5814
2011-02-18,1.5739
2011-02-21,1.5743
2011-02-22,1.5891
2011-02-23,1.5985
2011-02-24,1.6069
2011-02-25,1.601
2011-02-28,1.5906
2011-03-01,1.596
2011-03-02,1.6144
2011-03-03,1.6159
2011-03-04,1.5971
2011-03-07,1.5979
2011-03-08,1.5971
2011-03-09,1.5883
2011-03-10,1.5793
2011-03-11,1.5815
2011-03-14,1.5825
2011-03-15,1.5674
2011-03-16,1.5771
2011-03-17,1.5948
2011-03-18,1.5855
2011-03-21,1.5765
2011-03-22,1.5744
2011-03-23,1.5624
2011-03-24,1.5551
2011-03-25,1.5481
2011-03-27,1.5564
2011-03-28,1.5591
2011-03-29,1.5546
2011-03-30,1.5511
2011-03-31,1.5441
2011-04-03,1.5256
2011-04-04,1.5299
2011-04-05,1.5273
2011-04-06,1.5135
2011-04-07,1.51
2011-04-10,1.507
2011-04-11,1.5153
2011-04-12,1.5215
2011-04-13,1.52
2011-04-14,NA
2011-04-17,1.5125
2011-04-18,1.5397
2011-04-19,1.5275
2011-04-20,1.5174
2011-04-21,1.5175
2011-04-24,1.5146
2011-04-25,1.5247
2011-04-26,1.5227
2011-04-27,1.5163
2011-04-28,1.5234
2011-05-01,1.5205
2011-05-02,1.5205
2011-05-03,1.5325
2011-05-04,1.546
2011-05-05,1.5485
2011-05-08,1.543
2011-05-09,1.5449
2011-05-10,1.5583
2011-05-11,1.5848
2011-05-12,1.577
2011-05-15,1.5959
2011-05-16,1.59
2011-05-17,1.5839
2011-05-18,1.5709
2011-05-19,1.5724
2011-05-22,1.5894
2011-05-23,1.6041
2011-05-24,1.5964
2011-05-25,1.6049
2011-05-26,1.602
2011-05-29,1.6036
2011-05-30,1.6003
2011-05-31,1.592
2011-06-01,1.5973
2011-06-02,1.5823
2011-06-05,1.5706
2011-06-06,1.5851
2011-06-07,1.5763
2011-06-08,1.581
2011-06-09,1.5713
2011-06-12,1.5726
2011-06-13,1.573
2011-06-14,1.5833
2011-06-15,1.6067
2011-06-16,1.6078
2011-06-19,1.5883
2011-06-20,1.6
2011-06-21,1.6118
2011-06-22,1.6212
2011-06-23,1.6275
2011-06-26,1.6355
2011-06-27,1.6356
2011-06-28,1.6412
2011-06-29,1.6203
2011-06-30,1.6214
2011-07-03,1.6046
2011-07-04,1.6141
2011-07-05,1.6257
2011-07-06,1.6308
2011-07-07,1.6171
2011-07-10,1.629
2011-07-11,1.6451
2011-07-12,1.6503
2011-07-13,1.6428
2011-07-14,1.6431
2011-07-17,1.6509
2011-07-18,1.658
2011-07-19,1.656
2011-07-20,1.6621
2011-07-21,1.6651
2011-07-24,1.7004
2011-07-25,1.7141
2011-07-26,1.697
2011-07-27,1.6894
2011-07-28,1.6725
2011-07-31,1.6866
2011-08-01,1.6913
2011-08-02,1.7115
2011-08-03,1.6931
2011-08-04,1.7409
2011-08-07,1.7429
2011-08-08,1.7741
2011-08-09,1.7533
2011-08-10,1.7748
2011-08-11,1.778
2011-08-14,1.7757
2011-08-15,1.7637
2011-08-16,1.7746
2011-08-17,1.7683
2011-08-18,1.7827
2011-08-21,1.7821
2011-08-22,1.7846
2011-08-23,1.7685
2011-08-24,1.7807
2011-08-25,1.7528
2011-08-28,1.747
2011-08-29,1.7292
2011-08-30,1.7311
2011-08-31,1.7144
2011-09-01,1.718
2011-09-04,1.7456
2011-09-05,1.7675
2011-09-06,1.7587
2011-09-07,1.7564
2011-09-08,1.7655
2011-09-11,1.7946
2011-09-12,1.7853
2011-09-13,1.764
2011-09-14,1.7749
2011-09-15,1.7796
2011-09-18,1.7812
2011-09-19,1.811
2011-09-20,1.7836
2011-09-21,1.8236
2011-09-22,1.839
2011-09-25,1.8308
2011-09-26,1.8498
2011-09-27,1.8422
2011-09-28,1.8599
2011-09-29,1.8499
2011-10-02,1.8545
2011-10-03,1.8875
2011-10-04,1.8843
2011-10-05,1.8683
2011-10-06,1.8416
2011-10-09,1.8483
2011-10-10,1.8258
2011-10-11,1.8376
2011-10-12,1.8168
2011-10-13,1.8341
2011-10-16,1.8337
2011-10-17,1.8653
2011-10-18,1.8549
2011-10-19,1.8659
2011-10-20,1.8571
2011-10-23,1.8371
2011-10-24,1.7973
2011-10-25,1.7758
2011-10-26,1.7564
2011-10-27,1.7453
2011-10-31,1.7417
2011-11-01,1.7678
2011-11-02,1.7928
2011-11-03,1.7798
2011-11-04,1.7519
2011-11-07,1.7621
2011-11-08,1.7752
2011-11-09,1.7681
2011-11-10,1.7994
2011-11-11,1.7907
2011-11-14,1.7697
2011-11-15,1.7796
2011-11-16,1.7979
2011-11-17,1.8072
2011-11-18,1.824
2011-11-21,1.8256
2011-11-22,1.8576
2011-11-23,1.8498
2011-11-24,1.87
2011-11-25,1.8684
2011-11-28,1.8753
2011-11-29,1.8574
2011-11-30,1.85
2011-12-01,1.8249
2011-12-02,1.8261
2011-12-05,1.8241
2011-12-06,1.8324
2011-12-07,1.8335
2011-12-08,1.8292
2011-12-09,1.8398
2011-12-12,1.832
2011-12-13,1.8664
2011-12-14,1.8802
2011-12-15,1.8839
2011-12-16,1.8765
2011-12-19,1.884
2011-12-20,1.9003
2011-12-21,1.8829
2011-12-22,1.8835
2011-12-23,1.8875
2011-12-26,1.889
2011-12-27,1.8898
2011-12-28,1.8967
2011-12-29,1.918
2011-12-30,1.9154
2012-01-02,1.8799
2012-01-03,1.8876
2012-01-04,1.8721
2012-01-05,1.8783
2012-01-06,1.8793
2012-01-09,1.8795
2012-01-10,1.8679
2012-01-11,1.8677
2012-01-12,1.853
2012-01-13,1.8518
2012-01-16,1.8613
2012-01-17,1.85
2012-01-18,1.8398
2012-01-19,1.8301
2012-01-20,1.8256
2012-01-23,1.8317
2012-01-24,1.8162
2012-01-25,1.8191
2012-01-26,1.8044
2012-01-27,1.7925
2012-01-30,1.7727
2012-01-31,1.7861
2012-02-01,1.7744
2012-02-02,1.7546
2012-02-03,1.7566
2012-02-06,1.7522
2012-02-07,1.7568
2012-02-08,1.7467
2012-02-09,1.7506
2012-02-10,1.7513
2012-02-13,1.7587
2012-02-14,1.767
2012-02-15,1.7674
2012-02-16,1.763
2012-02-17,1.7607
2012-02-20,1.7401
2012-02-21,1.7434
2012-02-22,1.7509
2012-02-23,1.7565
2012-02-24,1.7625
2012-02-27,1.7616
2012-02-28,1.7641
2012-02-29,1.7505
2012-03-01,1.7485
2012-03-02,1.7518
2012-03-05,1.7668
2012-03-06,1.7704
2012-03-07,1.7913
2012-03-08,1.7799
2012-03-09,1.7741
2012-03-12,1.7847
2012-03-13,1.7933
2012-03-14,1.7857
2012-03-15,1.8053
2012-03-16,1.7955
2012-03-19,1.7936
2012-03-20,1.8033
2012-03-21,1.8204
2012-03-22,1.8124
2012-03-23,1.807
2012-03-25,1.7988
2012-03-26,1.7847
2012-03-27,1.7875
2012-03-28,1.7799
2012-03-29,1.7838
2012-04-01,1.7796
2012-04-02,1.7752
2012-04-03,1.7813
2012-04-04,1.7922
2012-04-05,1.7912
2012-04-08,1.793
2012-04-09,1.7974
2012-04-10,1.8125
2012-04-11,1.8065
2012-04-12,1.7926
2012-04-15,1.7962
2012-04-16,1.7961
2012-04-17,1.7873
2012-04-18,1.7857
2012-04-19,1.7918
2012-04-22,1.7901
2012-04-23,1.7946
2012-04-24,1.7801
2012-04-25,1.7693
2012-04-26,1.7646
2012-04-29,1.7591
2012-04-30,1.7561
2012-05-01,1.7537
2012-05-02,1.7595
2012-05-03,1.7608
2012-05-06,1.7676
2012-05-07,1.7599
2012-05-08,1.7773
2012-05-09,1.7939
2012-05-10,1.7861
2012-05-13,1.7855
2012-05-14,1.8102
2012-05-15,1.8226
2012-05-16,1.8223
2012-05-17,1.8282
2012-05-20,1.8335
2012-05-21,1.8242
2012-05-22,1.844
2012-05-23,1.8497
2012-05-24,1.8462
2012-05-27,1.8441
2012-05-28,1.8358
2012-05-29,1.8299
2012-05-30,1.855
2012-05-31,1.8643
2012-06-03,1.8591
2012-06-04,1.8518
2012-06-05,1.8454
2012-06-06,1.828
2012-06-07,1.8254
2012-06-10,1.8075
2012-06-11,1.8286
2012-06-12,1.8236
2012-06-13,1.8183
2012-06-14,1.8131
2012-06-17,1.8031
2012-06-18,1.8103
2012-06-19,1.7995
2012-06-20,1.7939
2012-06-21,1.8035
2012-06-24,1.8128
2012-06-25,1.819
2012-06-26,1.808
2012-06-27,1.8129
2012-06-28,1.8267
2012-07-01,1.8043
2012-07-02,1.8039
2012-07-03,1.7963
2012-07-04,1.8048
2012-07-05,1.8097
2012-07-08,1.8186
2012-07-09,1.8227
2012-07-10,1.8145
2012-07-11,1.8056
2012-07-12,1.8185
2012-07-15,1.8092
2012-07-16,1.807
2012-07-17,1.8034
2012-07-18,1.801
2012-07-19,1.802
2012-07-22,1.814
2012-07-23,1.8184
2012-07-24,1.8264
2012-07-25,1.821
2012-07-26,1.8098
2012-07-29,1.8128
2012-07-30,1.8008
2012-07-31,1.7932
2012-08-01,1.8046
2012-08-02,1.7994
2012-08-05,1.7781
2012-08-06,1.7755
2012-08-07,1.785
2012-08-08,1.7787
2012-08-09,1.7822
2012-08-12,1.7839
2012-08-13,1.7933
2012-08-14,1.8003
2012-08-15,1.7967
2012-08-16,1.7933
2012-08-19,1.8006
2012-08-20,1.8009
2012-08-21,1.7939
2012-08-22,1.793
2012-08-23,1.7926
2012-08-26,1.7976
2012-08-27,1.802
2012-08-28,1.8085
2012-08-29,1.82156
2012-08-30,1.8265
2012-09-02,1.81912
2012-09-03,1.81845
2012-09-04,1.81908
2012-09-05,1.81786
2012-09-06,1.80917
2012-09-09,1.80055
2012-09-10,1.80209
2012-09-11,1.8041
2012-09-12,1.80668
2012-09-13,1.79859
2012-09-16,1.79651
2012-09-17,1.79645
2012-09-18,1.79618
2012-09-19,1.7921
2012-09-20,1.79671
2012-09-23,1.79484
2012-09-24,1.79704
2012-09-25,1.79068
2012-09-26,1.79137
2012-09-27,1.78756
2012-09-30,1.79658
2012-10-01,1.79104
2012-10-02,1.79018
2012-10-03,1.80376
2012-10-04,1.79608
2012-10-07,1.80499
2012-10-08,1.81198
2012-10-09,1.82573
2012-10-10,1.81868
2012-10-11,1.8065
2012-10-14,1.81079
2012-10-15,1.80969
2012-10-16,1.80036
2012-10-17,1.79826
2012-10-18,1.79726
2012-10-21,1.79428
2012-10-22,1.7927
2012-10-23,1.8011
2012-10-24,1.80227
2012-10-25,1.79928
2012-10-29,1.8002
2012-10-30,1.8033
2012-10-31,1.79653
2012-11-01,1.79193
2012-11-02,1.78693
2012-11-05,1.79138
2012-11-06,1.7804
2012-11-07,1.77265
2012-11-08,1.78436
2012-11-09,1.78525
2012-11-12,1.79018
2012-11-13,1.80063
2012-11-14,1.80728
2012-11-15,1.80557
2012-11-16,1.80067
2012-11-19,1.7965
2012-11-20,1.79917
2012-11-21,1.79237
2012-11-22,1.80101
2012-11-23,1.79688
2012-11-26,1.79427
2012-11-27,1.79398
2012-11-28,1.79068
2012-11-29,1.79008
2012-11-30,1.78508
2012-12-03,1.78558
2012-12-04,1.78518
2012-12-05,1.78405
2012-12-06,1.786
2012-12-07,1.78908
2012-12-10,1.78906
2012-12-11,1.78798
2012-12-12,1.78108
2012-12-13,1.77622
2012-12-14,1.78058
2012-12-17,1.77847
2012-12-18,1.78367
2012-12-19,1.77861
2012-12-20,1.78347
2012-12-21,1.78609
2012-12-24,1.79329
2012-12-25,1.795
2012-12-26,1.792
2012-12-27,1.79342
2012-12-28,1.78808
2012-12-31,1.78868
2013-01-01,1.7818
2013-01-02,1.7814
2013-01-03,1.77778
2013-01-04,1.7842
2013-01-07,1.78048
2013-01-08,1.77918
2013-01-09,1.77728
2013-01-10,1.77538
2013-01-11,1.76638
2013-01-14,1.76938
2013-01-15,1.76808
2013-01-16,1.76847
2013-01-17,1.76367
2013-01-18,1.75327
2013-01-21,1.75874
2013-01-22,1.76423
2013-01-23,1.76787
2013-01-24,1.77077
2013-01-25,1.76827
2013-01-28,1.76677
2013-01-29,1.77307
2013-01-30,1.76727
2013-01-31,1.76832
2013-02-01,1.75575
2013-02-04,1.74837
2013-02-05,1.76167
2013-02-06,1.76047
2013-02-07,1.76887
2013-02-08,1.77297
2013-02-11,1.77037
2013-02-12,1.77487
2013-02-13,1.77187
2013-02-14,1.76337
2013-02-15,1.76765
2013-02-18,1.76767
2013-02-19,1.7658
2013-02-20,1.77546
2013-02-21,1.78457
2013-02-22,1.79257
2013-02-25,1.79907
2013-02-26,1.81027
2013-02-27,1.80467
2013-02-28,1.79597
2013-03-01,1.79847
2013-03-04,1.79815
2013-03-05,1.79727
2013-03-06,1.79057
2013-03-07,1.79749
2013-03-08,1.79675
2013-03-11,1.80409
2013-03-12,1.79836
2013-03-13,1.80211
2013-03-14,1.81149
2013-03-15,1.80927
2013-03-18,1.81577
2013-03-19,1.81227
2013-03-20,1.82517
2013-03-21,1.81627
2013-03-22,1.81717
2013-03-25,1.81112
2013-03-26,1.82062
2013-03-27,1.81272
2013-03-28,1.81175
2013-03-29,1.80872
2013-03-31,1.80907
2013-04-01,1.80392
2013-04-02,1.80262
2013-04-03,1.80672
2013-04-04,1.80147
2013-04-07,1.80169
2013-04-08,1.78498
2013-04-09,1.78297
2013-04-10,1.78952
2013-04-11,1.78406
2013-04-14,1.7893
2013-04-15,1.79347
2013-04-16,1.78697
2013-04-17,1.79837
2013-04-18,1.79527
2013-04-21,1.80103
2013-04-22,1.80392
2013-04-23,1.80221
2013-04-24,1.80212
2013-04-25,1.79827
2013-04-28,1.79537
2013-04-29,1.79361
2013-04-30,1.79111
2013-05-01,1.7919
2013-05-02,1.79305
2013-05-05,1.79321
2013-05-06,1.79617
2013-05-07,1.7961
2013-05-08,1.78922
2013-05-09,1.79538
2013-05-12,1.80262
2013-05-13,1.81032
2013-05-14,1.81475
2013-05-15,1.82209
2013-05-16,1.82282
2013-05-19,1.84207
2013-05-20,1.84041
2013-05-21,1.84207
2013-05-22,1.84778
2013-05-23,1.84572
2013-05-26,1.84499
2013-05-27,1.84287
2013-05-28,1.85979
2013-05-29,1.86077
2013-05-30,1.87141
2013-06-02,1.88577
2013-06-03,1.88361
2013-06-04,1.87133
2013-06-05,1.89179
2013-06-06,1.89221
2013-06-09,1.87803
2013-06-10,1.89917
2013-06-11,1.89017
2013-06-12,1.8736
2013-06-13,1.85997
2013-06-16,1.87709
2013-06-17,1.8693
2013-06-18,1.88527
2013-06-19,1.90237
2013-06-20,1.9387
2013-06-23,1.9365
2013-06-24,1.94417
2013-06-25,1.93071
2013-06-26,1.93377
2013-06-27,1.91767
2013-06-30,1.92855
2013-07-01,1.92327
2013-07-02,1.93256
2013-07-03,1.94367
2013-07-04,1.941
2013-07-07,1.96167
2013-07-08,1.9463
2013-07-09,1.93992
2013-07-10,1.91947
2013-07-11,1.94903
2013-07-14,1.95192
2013-07-15,1.9319
2013-07-16,1.91972
2013-07-17,1.9102
2013-07-18,1.9203
2013-07-21,1.9152
2013-07-22,1.91098
2013-07-23,1.89981
2013-07-24,1.92192
2013-07-25,1.92136
2013-07-28,1.92452
2013-07-29,1.9267
2013-07-30,1.92245
2013-07-31,1.93327
2013-08-01,1.94517
2013-08-04,1.92618
2013-08-05,1.92847
2013-08-06,1.92555
2013-08-07,1.92987
2013-08-08,1.92147
2013-08-11,1.92018
2013-08-12,1.92425
2013-08-13,1.93155
2013-08-14,1.93277
2013-08-15,1.93197
2013-08-18,1.94272
2013-08-19,1.9531
2013-08-20,1.948
2013-08-21,1.98
2013-08-22,1.9883
2013-08-25,1.98962
2013-08-26,1.99572
2013-08-27,2.04704
2013-08-28,2.02845
2013-08-29,2.02898
2013-09-01,2.02999
2013-09-02,2.01845
2013-09-03,2.05632
2013-09-04,2.04738
2013-09-05,2.06802
2013-09-08,2.0516
2013-09-09,2.02414
2013-09-10,2.01504
2013-09-11,2.01119
2013-09-12,2.0262
2013-09-15,2.00199
2013-09-16,2.00025
2013-09-17,2.00114
2013-09-18,1.93814
2013-09-19,1.96016
2013-09-22,1.98081
2013-09-23,1.98426
2013-09-24,1.99509
2013-09-25,2.01369
2013-09-26,2.0195
2013-09-29,2.03812
2013-09-30,2.01921
2013-10-01,2.0086
2013-10-02,1.99268
2013-10-03,2.0022
2013-10-06,1.98611
2013-10-07,NA
2013-10-08,1.98704
2013-10-09,1.9821
2013-10-10,1.97499
2013-10-13,1.98694
2013-10-14,1.9812
2013-10-15,1.98442
2013-10-16,1.97369
2013-10-17,1.96607
2013-10-20,1.96909
2013-10-21,1.97899
2013-10-22,1.96682
2013-10-23,1.97378
2013-10-24,1.97957
2013-10-28,1.98154
2013-10-29,1.98231
2013-10-30,1.9901
2013-10-31,1.99289
2013-11-01,1.99599
2013-11-04,2.01529
2013-11-05,2.01469
2013-11-06,2.0289
2013-11-07,2.03426
2013-11-08,2.03469
2013-11-11,2.03879
2013-11-12,2.04194
2013-11-13,2.05301
2013-11-14,2.04159
2013-11-15,2.0344
2013-11-18,2.03016
2013-11-19,2.02033
2013-11-20,2.00934
2013-11-21,2.01464
2013-11-22,2.01514
2013-11-25,2.00731
2013-11-26,2.00631
2013-11-27,2.01099
2013-11-28,2.02439
2013-11-29,2.013
2013-12-02,2.01893
2013-12-03,2.03806
2013-12-04,2.04211
2013-12-05,2.04734
2013-12-06,2.0351
2013-12-09,2.02405
2013-12-10,2.03126
2013-12-11,2.0258
2013-12-12,2.04241
2013-12-13,2.04207
2013-12-16,2.04162
2013-12-17,2.0264
2013-12-18,2.03486
2013-12-19,2.0553
2013-12-20,2.07187
2013-12-23,2.0901
2013-12-24,2.09721
2013-12-25,2.07625
2013-12-26,2.09529
2013-12-27,2.12203
2013-12-30,2.155
2013-12-31,2.12056
2014-01-01,2.14765
2014-01-02,2.1464
2014-01-03,2.16867
2014-01-06,2.1749
2014-01-07,2.16958
2014-01-08,2.16597
2014-01-09,2.18347
2014-01-10,2.17697
2014-01-13,2.16375
2014-01-14,2.17843
2014-01-15,2.18197
2014-01-16,2.18907
2014-01-17,2.20627
2014-01-20,2.23327
2014-01-21,2.23867
2014-01-22,2.25127
2014-01-23,2.25827
2014-01-24,2.29027
2014-01-27,2.32977
2014-01-28,2.27977
2014-01-29,2.18577
2014-01-30,2.25936
2014-01-31,2.26375
2014-02-03,2.25987
2014-02-04,2.27652
2014-02-05,2.2359
2014-02-06,2.23655
2014-02-07,2.20747
2014-02-10,2.21823
2014-02-11,2.21157
2014-02-12,2.19199
2014-02-13,2.18757
2014-02-14,2.18299
2014-02-17,2.17867
2014-02-18,2.17609
2014-02-19,2.17717
2014-02-20,2.21176
2014-02-21,2.1991
2014-02-24,2.17686
2014-02-25,2.20007
2014-02-26,2.21125
2014-02-27,2.23293
2014-02-28,2.21087
2014-03-03,2.22776
2014-03-04,2.22757
2014-03-05,2.20518
2014-03-06,2.20167
2014-03-07,2.17841
2014-03-10,2.20287
2014-03-11,2.21777
2014-03-12,2.24346
2014-03-13,2.23157
2014-03-14,2.23326
2014-03-17,2.22076
2014-03-18,2.21857
2014-03-19,2.21667
2014-03-20,2.23763
2014-03-21,2.23036
2014-03-24,2.235
2014-03-25,2.23616
2014-03-26,2.21548
2014-03-27,2.19051
2014-03-28,2.18367
2014-03-30,2.17578
2014-03-31,2.13737
2014-04-01,2.13657
2014-04-02,2.12667
2014-04-03,2.13257
2014-04-06,2.11226
2014-04-07,2.11071
2014-04-08,2.0933
2014-04-09,2.10141
2014-04-10,2.11018
2014-04-13,2.11641
2014-04-14,2.12117
2014-04-15,2.14196
2014-04-16,2.13483
2014-04-17,2.12687
2014-04-20,2.12992
2014-04-21,2.13256
2014-04-22,2.14135
2014-04-23,2.15099
2014-04-24,2.13395
2014-04-27,2.13522
2014-04-28,2.12756
2014-04-29,2.121
2014-04-30,2.11108
2014-05-01,2.10586
2014-05-04,2.10397
2014-05-05,2.09919
2014-05-06,2.08919
2014-05-07,2.08058
2014-05-08,2.07586
2014-05-11,2.07527
2014-05-12,2.08068
2014-05-13,2.06739
2014-05-14,2.07068
2014-05-15,2.09819
2014-05-18,2.09643
2014-05-19,2.09501
2014-05-20,2.11157
2014-05-21,2.09296
2014-05-22,2.08128
2014-05-25,2.07933
2014-05-26,2.08243
2014-05-27,2.10083
2014-05-28,2.09727
2014-05-29,2.08719
2014-06-01,2.09542
2014-06-02,2.10701
2014-06-03,2.11699
2014-06-04,2.11439
2014-06-05,2.09736
2014-06-08,2.0772
2014-06-09,2.08587
2014-06-10,2.07868
2014-06-11,2.11313
2014-06-12,2.11117
2014-06-15,2.12316
2014-06-16,2.14247
2014-06-17,2.14901
2014-06-18,2.12332
2014-06-19,2.14017
2014-06-22,2.14288
2014-06-23,2.13561
2014-06-24,2.14139
2014-06-25,2.12948
2014-06-26,2.12517
2014-06-29,2.12349
2014-06-30,2.1173
2014-07-01,2.12807
2014-07-02,2.12933
2014-07-03,2.1277
2014-07-06,2.1321
2014-07-07,2.12847
2014-07-08,2.1239
2014-07-09,2.11488
2014-07-10,2.12268
2014-07-13,2.11902
2014-07-14,2.11598
2014-07-15,2.12338
2014-07-16,2.12048
2014-07-17,2.13982
2014-07-20,2.12478
2014-07-21,2.11767
2014-07-22,2.10587
2014-07-23,2.08758
2014-07-24,2.09024
2014-07-27,2.0931
2014-07-28,2.09818
2014-07-29,2.11221
2014-07-30,2.13137
2014-07-31,2.14007
2014-08-03,2.13039
2014-08-04,2.1297
2014-08-05,2.15151
2014-08-06,2.15852
2014-08-07,2.16787
2014-08-10,2.13725
2014-08-11,2.14917
2014-08-12,2.16347
2014-08-13,2.15518
2014-08-14,2.15208
2014-08-17,2.1658
2014-08-18,2.16337
2014-08-19,2.1626
2014-08-20,2.18247
2014-08-21,2.17668
2014-08-24,2.17925
2014-08-25,2.17868
2014-08-26,2.16482
2014-08-27,2.15338
2014-08-28,2.15718
2014-08-31,2.16028
2014-09-01,2.15856
2014-09-02,2.17274
2014-09-03,2.15776
2014-09-04,2.16282
2014-09-07,2.15756
2014-09-08,2.17245
2014-09-09,2.19603
2014-09-10,2.19237
2014-09-11,2.1986
2014-09-14,2.22035
2014-09-15,2.21277
2014-09-16,2.20318
2014-09-17,2.22506
2014-09-18,2.22422
2014-09-21,2.23443
2014-09-22,2.24008
2014-09-23,2.23707
2014-09-24,2.23695
2014-09-25,2.25973
2014-09-28,2.26396
2014-09-29,2.27943
2014-09-30,2.27778
2014-10-01,2.28322
2014-10-02,2.26727
2014-10-05,2.29332
2014-10-06,2.26658
2014-10-07,2.27407
2014-10-08,2.26195
2014-10-09,2.26999
2014-10-12,2.28438
2014-10-13,2.27036
2014-10-14,2.27329
2014-10-15,2.26957
2014-10-16,2.26086
2014-10-19,2.24484
2014-10-20,2.24326
2014-10-21,2.24384
2014-10-22,2.24524
2014-10-23,2.23505
2014-10-27,2.23091
2014-10-28,2.22957
2014-10-29,2.20603
2014-10-30,2.2145
2014-10-31,2.19854
2014-11-03,2.22726
2014-11-04,2.23296
2014-11-05,2.22072
2014-11-06,2.24379
2014-11-07,2.26616
2014-11-10,2.25598
2014-11-11,2.2582
2014-11-12,2.25549
2014-11-13,2.25063
2014-11-14,2.24246
2014-11-17,2.22948
2014-11-18,2.22998
2014-11-19,2.22044
2014-11-20,2.231
2014-11-21,2.22026
2014-11-24,2.22098
2014-11-25,2.2288
2014-11-26,2.21837
2014-11-27,2.20956
2014-11-28,2.20578
2014-12-01,2.2194
2014-12-02,2.21347
2014-12-03,2.22951
2014-12-04,2.23836
2014-12-05,2.23328
2014-12-08,2.25893
2014-12-09,2.26757
2014-12-10,2.26496
2014-12-11,2.26475
2014-12-12,2.27994
2014-12-15,2.30231
2014-12-16,2.35475
2014-12-17,2.35955
2014-12-18,2.33573
2014-12-19,2.32167
2014-12-22,2.31265
2014-12-23,2.31271
2014-12-24,2.31866
2014-12-25,2.31336
2014-12-26,2.31774
2014-12-29,2.31977
2014-12-30,2.31676
2014-12-31,2.32273
2015-01-01,2.33116
2015-01-02,2.33098
2015-01-05,2.34224
2015-01-06,2.33075
2015-01-07,2.32361
2015-01-08,2.31757
2015-01-09,2.2982
2015-01-12,2.29277
2015-01-13,2.28427
2015-01-14,2.28237
2015-01-15,2.28122
2015-01-16,2.30532
2015-01-19,2.33097
2015-01-20,2.33186
2015-01-21,2.34546
2015-01-22,2.34897
2015-01-23,2.32626
2015-01-26,2.36296
2015-01-27,2.35601
2015-01-28,2.36314
2015-01-29,2.38692
2015-01-30,2.41549
2015-02-02,2.4402
2015-02-03,2.43076
2015-02-04,2.40159
2015-02-05,2.45994
2015-02-06,2.43581
2015-02-09,2.47176
2015-02-10,2.47473
2015-02-11,2.49431
2015-02-12,2.49811
2015-02-13,2.4675
2015-02-16,2.45597
2015-02-17,2.45486
2015-02-18,2.4515
2015-02-19,2.44331
2015-02-20,2.4532
2015-02-23,2.4525
2015-02-24,2.47182
2015-02-25,2.46285
2015-02-26,2.4872
2015-02-27,2.50447
2015-03-02,2.50609
2015-03-03,2.52071
2015-03-04,2.53263
2015-03-05,2.56202
2015-03-06,2.60573
2015-03-09,2.6227
2015-03-10,2.60312
2015-03-11,2.63629
2015-03-12,2.61124
2015-03-13,2.58599
2015-03-16,2.62988
2015-03-17,2.62289
2015-03-18,2.61075
2015-03-19,2.56965
2015-03-20,2.60229
2015-03-23,2.57722
2015-03-24,2.54057
2015-03-25,2.55543
2015-03-26,2.58599
2015-03-27,2.603
2015-03-29,2.6114
2015-03-30,2.6026
2015-03-31,2.59596
2015-04-01,2.59686
2015-04-02,2.5887
2015-04-05,2.56627
2015-04-06,2.57058
2015-04-07,2.60094
2015-04-08,2.59768
2015-04-09,2.61877
2015-04-12,2.62662
2015-04-13,2.66819
2015-04-14,2.6869
2015-04-15,2.69756
2015-04-16,2.68062
2015-04-19,2.68093
2015-04-20,2.69553
2015-04-21,2.68447
2015-04-22,2.7123
2015-04-23,2.70345
2015-04-26,2.71966
2015-04-27,2.67732
2015-04-28,2.65726
2015-04-29,2.65675
2015-04-30,2.67348
2015-05-03,2.71128
2015-05-04,2.71335
2015-05-05,2.70508
2015-05-06,2.69359
2015-05-07,2.68775
2015-05-10,2.691
2015-05-11,2.69249
2015-05-12,2.6601
2015-05-13,2.62969
2015-05-14,2.59104
2015-05-17,2.57612
2015-05-18,2.5822
2015-05-19,2.59102
2015-05-20,2.57822
2015-05-21,2.5909
2015-05-24,2.59944
2015-05-25,2.61445
2015-05-26,2.63708
2015-05-27,2.64108
2015-05-28,2.65531
2015-05-31,2.65957
2015-06-01,2.68082
2015-06-02,2.67216
2015-06-03,2.68453
2015-06-04,2.66882
2015-06-07,2.75229
2015-06-08,2.75018
2015-06-09,2.75064
2015-06-10,2.73243
2015-06-11,2.70291
2015-06-14,2.71614
2015-06-15,2.73573
2015-06-16,2.73334
2015-06-17,2.71077
2015-06-18,2.71456
2015-06-21,2.69337
2015-06-22,2.66718
2015-06-23,2.67648
2015-06-24,2.67748
2015-06-25,2.65393
2015-06-28,2.69865
2015-06-29,2.7033
2015-06-30,2.68103
2015-07-01,2.69161
2015-07-02,2.68362
2015-07-05,2.71522
2015-07-06,2.67931
2015-07-07,2.68653
2015-07-08,2.68447
2015-07-09,2.67427
2015-07-12,2.66849
2015-07-13,2.64599
2015-07-14,2.63132
2015-07-15,2.64645
2015-07-16,2.65703
2015-07-19,2.65663
2015-07-20,2.6937
2015-07-21,2.68394
2015-07-22,2.70669
2015-07-23,2.73305
2015-07-26,2.74419
2015-07-27,2.76818
2015-07-28,2.7573
2015-07-29,2.76576
2015-07-30,2.78766
2015-08-02,2.76707
2015-08-03,2.77733
2015-08-04,2.7794
2015-08-05,2.78504
2015-08-06,2.77528
2015-08-09,2.77967
2015-08-10,2.7669
2015-08-11,2.77858
2015-08-12,2.77535
2015-08-13,2.82306
2015-08-16,2.832
2015-08-17,2.86875
2015-08-18,2.89132
2015-08-19,2.9262
2015-08-20,2.91664
2015-08-23,2.9542
2015-08-24,2.94696
2015-08-25,2.9405
2015-08-26,2.92745
2015-08-27,2.9094
2015-08-30,2.91805
2015-08-31,2.91595
2015-09-01,2.93189
2015-09-02,2.94174
2015-09-03,2.9703
2015-09-06,3.03535
2015-09-07,3.03004
2015-09-08,3.0091
2015-09-09,3.04655
2015-09-10,3.01728
2015-09-13,3.0358
2015-09-14,3.056
2015-09-15,3.0297
2015-09-16,2.99771
2015-09-17,3.00715
2015-09-20,3.00435
2015-09-21,NA
2015-09-22,3.02682
2015-09-23,3.03711
2015-09-24,3.04729
2015-09-27,3.04274
2015-09-28,3.0529
2015-09-29,3.03814
2015-09-30,3.02332
2015-10-01,3.02461
2015-10-04,2.9963
2015-10-05,2.98192
2015-10-06,2.956
2015-10-07,2.938
2015-10-08,2.89287
2015-10-11,2.93304
2015-10-12,2.9286
2015-10-13,2.96093
2015-10-14,2.91169
2015-10-15,2.8786
2015-10-18,2.89401
2015-10-19,2.9051
2015-10-20,2.89997
2015-10-21,2.89521
2015-10-22,2.87188
2015-10-26,2.91001
2015-10-27,2.88813
2015-10-28,2.90415
2015-10-29,2.91975
2015-10-30,2.9347
2015-11-02,2.847
2015-11-03,2.82383
2015-11-04,2.82814
2015-11-05,2.8634
2015-11-06,2.859
2015-11-09,2.92009
2015-11-10,2.91983
2015-11-11,2.91406
2015-11-12,2.87322
2015-11-13,2.86292
2015-11-16,2.87793
2015-11-17,2.88123
2015-11-18,2.86904
2015-11-19,2.86036
2015-11-20,2.84352
2015-11-23,2.82994
2015-11-24,2.84955
2015-11-25,2.874
2015-11-26,2.8837
2015-11-27,2.92809
2015-11-30,2.92565
2015-12-01,2.91045
2015-12-02,2.88826
2015-12-03,2.8881
2015-12-04,2.88239
2015-12-07,2.88919
2015-12-08,2.91117
2015-12-09,2.90984
2015-12-10,2.9126
2015-12-11,2.92433
2015-12-14,2.96799
2015-12-15,2.98399
2015-12-16,2.9626
2015-12-17,2.935
2015-12-18,2.9249
2015-12-21,2.91026
2015-12-22,2.91125
2015-12-23,2.93025
2015-12-24,2.9169
2015-12-25,2.91517
2015-12-28,2.91537
2015-12-29,2.9054
2015-12-30,2.9048
2015-12-31,2.92009
2016-01-01,2.9119
2016-01-04,2.91615
2016-01-05,2.96432
2016-01-06,2.98504
2016-01-07,3.001
2016-01-08,3.0004
2016-01-11,3.0348
2016-01-12,3.03429
2016-01-13,3.03196
2016-01-14,3.0271
2016-01-15,3.0235
2016-01-18,3.05006
2016-01-19,3.03483
2016-01-20,3.03742
2016-01-21,3.04075
2016-01-22,3.01593
2016-01-25,3.00235
2016-01-26,3.02181
2016-01-27,3.00677
2016-01-28,2.99902
2016-01-29,2.96951
2016-02-01,2.9545
2016-02-02,2.94535
2016-02-03,2.95266
2016-02-04,2.9147
2016-02-05,2.91161
2016-02-08,2.91438
2016-02-09,2.94591
2016-02-10,2.93805
2016-02-11,2.9191
2016-02-12,2.93068
2016-02-15,2.9353
2016-02-16,2.94572
2016-02-17,2.97632
2016-02-18,2.9549
2016-02-19,2.9678
2016-02-22,2.95096
2016-02-23,2.9347
2016-02-24,2.94103
2016-02-25,2.93591
2016-02-26,2.92682
2016-02-29,2.98795
2016-03-01,2.96295
2016-03-02,2.93449
2016-03-03,2.92517
2016-03-04,2.90997
2016-03-07,2.90488
2016-03-08,2.9154
2016-03-09,2.91177
2016-03-10,2.89306
2016-03-11,2.89105
2016-03-14,2.87181
2016-03-15,2.87082
2016-03-16,2.89687
2016-03-17,2.86914
2016-03-18,2.84227
2016-03-21,2.87014
2016-03-22,2.86308
2016-03-23,2.86775
2016-03-24,2.87546
2016-03-25,2.87548
2016-03-27,2.87427
2016-03-28,2.86834
2016-03-29,2.84042
2016-03-30,2.83301
2016-03-31,2.8169
2016-04-03,2.823
2016-04-04,2.81124
2016-04-05,2.82989
2016-04-06,2.83906
2016-04-07,2.8638
2016-04-10,2.84962
2016-04-11,2.82778
2016-04-12,2.8329
2016-04-13,2.8442
2016-04-14,2.84985
2016-04-17,2.8525
2016-04-18,2.83812
2016-04-19,2.83
2016-04-20,2.81043
2016-04-21,2.8311
2016-04-24,2.84543
2016-04-25,2.84322
2016-04-26,2.81948
2016-04-27,2.81717
2016-04-28,2.81111
2016-05-01,2.79241
2016-05-02,2.8035
2016-05-03,2.84495
2016-05-04,2.95435
2016-05-05,2.92807
2016-05-08,2.9232
2016-05-09,2.94185
2016-05-10,2.9491
2016-05-11,2.95195
2016-05-12,2.96161
2016-05-15,2.97143
2016-05-16,2.9739
2016-05-17,2.9674
2016-05-18,2.98633
2016-05-19,2.98811
2016-05-22,2.9745
2016-05-23,2.99527
2016-05-24,2.94832
2016-05-25,2.93912
2016-05-26,2.93765
2016-05-29,2.95925
2016-05-30,2.95327
2016-05-31,2.9467
2016-06-01,2.94246
2016-06-02,2.94818
2016-06-05,2.90691
2016-06-06,2.90532
2016-06-07,2.89616
2016-06-08,2.89128
2016-06-09,2.89463
2016-06-12,2.92941
2016-06-13,2.92198
2016-06-14,2.93448
2016-06-15,2.92281
2016-06-16,2.92962
2016-06-19,2.9113
2016-06-20,2.90132
2016-06-21,2.9115
2016-06-22,2.8893
2016-06-23,2.86417
2016-06-26,2.94113
2016-06-27,2.93645
2016-06-28,2.90611
2016-06-29,2.88786
2016-06-30,2.88178
2016-07-03,2.90152
2016-07-04,2.90487
2016-07-05,2.92487
2016-07-06,2.93718
2016-07-07,2.93292
2016-07-10,2.89162
2016-07-11,2.90341
2016-07-12,2.88688
2016-07-13,2.8989
2016-07-14,2.88376
2016-07-17,2.96626
2016-07-18,2.98031
2016-07-19,3.04389
2016-07-20,3.08191
2016-07-21,3.06417
2016-07-24,3.05705
2016-07-25,3.03524
2016-07-26,3.04006
2016-07-27,3.01373
2016-07-28,3.01036
2016-07-31,2.98639
2016-08-01,2.98875
2016-08-02,2.99132
2016-08-03,3.01212
2016-08-04,3.00966
2016-08-07,2.99543
2016-08-08,2.98045
2016-08-09,2.96803
2016-08-10,2.95537
2016-08-11,2.9595
2016-08-14,2.9597
2016-08-15,2.94166
2016-08-16,2.9275
2016-08-17,2.9177
2016-08-18,2.9267
2016-08-21,2.9321
2016-08-22,2.94022
2016-08-23,2.9488
2016-08-24,2.9507
2016-08-25,2.93334
2016-08-28,2.95346
2016-08-29,2.95075
2016-08-30,2.9633
2016-08-31,2.95707
2016-09-01,2.96103
2016-09-04,2.9503
2016-09-05,2.9455
2016-09-06,2.9219
2016-09-07,2.9338
2016-09-08,2.9531
2016-09-11,2.9683
2016-09-12,2.9695
2016-09-13,2.98155
2016-09-14,2.9793
2016-09-15,2.96611
2016-09-18,2.9778
2016-09-19,2.9754
2016-09-20,2.97636
2016-09-21,2.9541
2016-09-22,2.94182
2016-09-25,2.9884
2016-09-26,2.98026
2016-09-27,2.97323
2016-09-28,2.978
2016-09-29,2.99708
2016-10-02,3.00157
2016-10-03,3.0196
2016-10-04,3.05807
2016-10-05,3.05162
2016-10-06,3.04219
2016-10-09,3.0494
2016-10-10,3.06938
2016-10-11,3.08129
2016-10-12,3.0854
2016-10-13,3.08193
2016-10-16,3.0921
2016-10-17,3.0953
2016-10-18,3.0945
2016-10-19,3.0595
2016-10-20,3.0597
2016-10-23,3.07997
2016-10-24,3.08178
2016-10-25,3.0702
2016-10-26,3.0803
2016-10-27,3.1113
2016-10-31,3.10631
2016-11-01,3.09358
2016-11-02,3.1133
2016-11-03,3.11312
2016-11-04,3.1151
2016-11-07,3.15076
2016-11-08,3.1676
2016-11-09,3.1624
2016-11-10,3.2091
2016-11-11,3.2477
2016-11-14,3.23577
2016-11-15,3.2896
2016-11-16,3.2867
2016-11-17,3.31893
2016-11-18,3.37506
2016-11-21,3.37587
2016-11-22,3.35686
2016-11-23,3.37947
2016-11-24,3.3962
2016-11-25,3.464
2016-11-28,3.4468
2016-11-29,3.4108
2016-11-30,3.4094
2016-12-01,3.43526
2016-12-02,3.49734
2016-12-05,3.54235
2016-12-06,3.51861
2016-12-07,3.44658
2016-12-08,3.3886
2016-12-09,3.4503
2016-12-12,3.5111
2016-12-13,3.46833
2016-12-14,3.48578
2016-12-15,3.5315
2016-12-16,3.5077
2016-12-19,3.49073
2016-12-20,3.5328
2016-12-21,3.5217
2016-12-22,3.50823
2016-12-23,3.50638
2016-12-26,3.50902
2016-12-27,3.51105
2016-12-28,3.5218
2016-12-29,3.53533
2016-12-30,3.5176
2017-01-02,3.5349
2017-01-03,3.5419
2017-01-04,3.5923
2017-01-05,3.56937
2017-01-06,3.59191
2017-01-09,3.63983
2017-01-10,3.70849
2017-01-11,3.79825
2017-01-12,3.8741
2017-01-13,3.76341
2017-01-16,3.73778
2017-01-17,3.80603
2017-01-18,3.7608
2017-01-19,3.80657
2017-01-20,3.827
2017-01-23,3.76543
2017-01-24,3.7545
2017-01-25,3.78191
2017-01-26,3.8334
2017-01-27,3.8598
2017-01-30,3.868
2017-01-31,3.77619
2017-02-01,3.7725
2017-02-02,3.77156
2017-02-03,3.73451
2017-02-06,3.70083
2017-02-07,3.687
2017-02-08,3.74069
2017-02-09,3.7105
2017-02-10,3.6842
2017-02-13,3.68602
2017-02-14,3.6707
2017-02-15,3.6519
2017-02-16,3.65588
2017-02-17,3.6674
2017-02-20,3.6306
2017-02-21,3.62344
2017-02-22,3.62523
2017-02-23,3.5825
2017-02-24,3.5683
2017-02-27,3.59899
2017-02-28,3.6069
2017-03-01,3.6422
2017-03-02,3.6505
2017-03-03,3.72676
2017-03-06,3.70978
2017-03-07,3.71333
2017-03-08,3.6786
2017-03-09,3.74407
2017-03-10,3.77326
2017-03-13,3.73978
2017-03-14,3.741
2017-03-15,3.7406
2017-03-16,3.67398
2017-03-17,3.6281
2017-03-20,3.62865
2017-03-21,3.6233
2017-03-22,3.6324
2017-03-23,3.6157
2017-03-24,3.6329
2017-03-26,3.6015
2017-03-27,3.6151
2017-03-28,3.65655
2017-03-29,3.6437
2017-03-30,3.6543
2017-04-02,3.62848
2017-04-03,3.6442
2017-04-04,3.6776
2017-04-05,3.7039
2017-04-06,3.70524
2017-04-09,3.728
2017-04-10,3.7282
2017-04-11,3.6949
2017-04-12,3.647
2017-04-13,3.66777
2017-04-16,3.6357
2017-04-17,3.70092
2017-04-18,3.65541
2017-04-19,3.67185
2017-04-20,3.6408
2017-04-23,3.6127
2017-04-24,3.57515
2017-04-25,3.57769
2017-04-26,3.5707
2017-04-27,3.5633
2017-04-30,3.5529
2017-05-01,3.5532
2017-05-02,3.5226
2017-05-03,3.5338
2017-05-04,3.55371
2017-05-07,3.54043
2017-05-08,3.5846
2017-05-09,3.62256
2017-05-10,3.5839
2017-05-11,3.5773
2017-05-14,3.5724
2017-05-15,3.5467
2017-05-16,3.54175
2017-05-17,3.584
2017-05-18,3.62247
2017-05-21,3.57566
2017-05-22,3.5659
2017-05-23,3.57378
2017-05-24,3.5585
2017-05-25,3.5673
2017-05-28,3.5772
2017-05-29,3.5801
2017-05-30,3.5525
2017-05-31,3.5282
2017-06-01,3.5298
2017-06-04,3.50539
2017-06-05,3.5246
2017-06-06,3.5136
2017-06-07,3.55096
2017-06-08,3.53092
2017-06-11,3.5387
2017-06-12,3.5157
2017-06-13,3.51734
2017-06-14,3.48865
2017-06-15,3.513
2017-06-18,3.5005
2017-06-19,3.5222
2017-06-20,3.5438
2017-06-21,3.5306
2017-06-22,3.5129
2017-06-25,3.50516
2017-06-26,3.50005
2017-06-27,3.5238
2017-06-28,3.5117
2017-06-29,3.52423
2017-07-02,3.5193
2017-07-03,3.5546
2017-07-04,3.5577
2017-07-05,3.6073
2017-07-06,3.62099
2017-07-09,3.6201
2017-07-10,NA
2017-07-11,3.6156
2017-07-12,3.56922
2017-07-13,3.56599
2017-07-16,3.5335
2017-07-17,3.5288
2017-07-18,3.52431
2017-07-19,3.5212
2017-07-20,3.5268
2017-07-23,3.5315
2017-07-24,3.55594
2017-07-25,3.5711
2017-07-26,3.53425
2017-07-27,3.53652
2017-07-30,3.5323
2017-07-31,3.5177
2017-08-01,3.5285
2017-08-02,3.53776
2017-08-03,3.5393
2017-08-06,3.53235
2017-08-07,3.52866
2017-08-08,3.53029
2017-08-09,3.53866
2017-08-10,3.5422
2017-08-13,3.5335
2017-08-14,3.5253
2017-08-15,3.5363
2017-08-16,3.51604
2017-08-17,3.5289
2017-08-20,3.5165
2017-08-21,3.4962
2017-08-22,3.4959
2017-08-23,3.48196
2017-08-24,3.4853
2017-08-27,3.4417
2017-08-28,3.45587
2017-08-29,3.44859
2017-08-30,3.4551
2017-08-31,3.45065
2017-09-03,3.42832
2017-09-04,3.4309
2017-09-05,3.43675
2017-09-06,3.42868
2017-09-07,3.40274
2017-09-10,3.4092
2017-09-11,3.4118
2017-09-12,3.4326
2017-09-13,3.4585
2017-09-14,3.4321
2017-09-17,3.44095
2017-09-18,3.4884
2017-09-19,3.48815
2017-09-20,3.5048
2017-09-21,3.506
2017-09-24,3.4992
2017-09-25,3.5435
2017-09-26,3.54164
2017-09-27,3.57755
2017-09-28,3.55831
2017-10-01,3.5622
2017-10-02,3.56718
2017-10-03,3.5737
2017-10-04,3.5733
2017-10-05,3.5869
2017-10-08,3.7067
2017-10-09,3.7061
2017-10-10,3.70682
2017-10-11,3.64451
2017-10-12,3.6568
2017-10-15,3.6378
2017-10-16,3.6455
2017-10-17,3.6653
2017-10-18,3.67319
2017-10-19,3.6524
2017-10-22,3.68839
2017-10-23,3.713
2017-10-24,3.73737
2017-10-25,3.75863
2017-10-26,3.8184
2017-10-30,3.7871
2017-10-31,3.77725
2017-11-01,3.7873
2017-11-02,3.81118
2017-11-03,3.7992
2017-11-06,3.8812
2017-11-07,3.82615
2017-11-08,3.88293
2017-11-09,3.8655
2017-11-10,3.86105
2017-11-13,3.85811
2017-11-14,NA
2017-11-15,3.88636
2017-11-16,NA
2017-11-17,NA
2017-11-20,3.86833
2017-11-21,3.9266
2017-11-22,3.9604
2017-11-23,3.9177
2017-11-24,3.9213
2017-11-27,3.9507
2017-11-28,3.9051
2017-11-29,3.9645
2017-11-30,3.95605
2017-12-01,3.91644
2017-12-04,3.9244
2017-12-05,3.8749
2017-12-06,3.8415
2017-12-07,3.8501
2017-12-08,3.86505
2017-12-11,3.8371
2017-12-12,3.83107
2017-12-13,3.8458
2017-12-14,3.8129
2017-12-15,3.8842
2017-12-18,3.8559
2017-12-19,3.82876
2017-12-20,3.8316
2017-12-21,3.82165
2017-12-22,3.8176
2017-12-25,3.8097
2017-12-26,3.8064
2017-12-27,3.80702
2017-12-28,3.8149
2017-12-29,3.77686
2018-01-01,3.7949
2018-01-02,3.7911
2018-01-03,3.7656
2018-01-04,3.7806
2018-01-05,3.75027
2018-01-08,3.73235
2018-01-09,3.7439
2018-01-10,3.76842
2018-01-11,3.7987
2018-01-12,3.77355
2018-01-15,3.75156
2018-01-16,3.79997
2018-01-17,3.79867
2018-01-18,3.81517
2018-01-19,3.76548
2018-01-22,3.82323
2018-01-23,3.7765
2018-01-24,3.7682
2018-01-25,3.7494
2018-01-26,3.75968
2018-01-29,3.74998
2018-01-30,3.7864
2018-01-31,3.77572
2018-02-01,3.7563
2018-02-02,3.7337
2018-02-05,3.7719
2018-02-06,3.7867
2018-02-07,3.76471
2018-02-08,3.8025
2018-02-09,3.82262
2018-02-12,3.81675
2018-02-13,3.79766
2018-02-14,3.8048
2018-02-15,3.77973
2018-02-16,3.7646
2018-02-19,3.74685
2018-02-20,3.75819
2018-02-21,3.7978
2018-02-22,3.79186
2018-02-23,3.7824
2018-02-26,3.78784
2018-02-27,3.78509
2018-02-28,3.8152
2018-03-01,3.8029
2018-03-02,3.8077
2018-03-05,3.8101
2018-03-06,3.8106
2018-03-07,3.7988
2018-03-08,3.80629
2018-03-09,3.8235
2018-03-12,3.812
2018-03-13,3.8427
2018-03-14,3.8699
2018-03-15,3.8803
2018-03-16,3.89354
2018-03-19,3.9183
2018-03-20,3.94329
2018-03-21,3.93215
2018-03-22,3.90877
2018-03-23,3.97388
2018-03-25,3.9814
2018-03-26,3.9655
2018-03-27,3.97918
2018-03-28,4.0133
2018-03-29,3.9449
2018-04-01,3.95184
2018-04-02,3.9771
2018-04-03,3.98935
2018-04-04,3.99911
2018-04-05,4.03941
2018-04-08,4.0471
2018-04-09,4.0755
2018-04-10,4.10955
2018-04-11,4.1408
2018-04-12,4.11402
2018-04-15,4.09079
2018-04-16,4.093
2018-04-17,4.09309
2018-04-18,4.017
2018-04-19,4.04582
2018-04-22,4.0785
2018-04-23,4.1077
2018-04-24,4.08648
2018-04-25,4.0811
2018-04-26,4.06587
2018-04-29,4.05166
2018-04-30,4.05665
2018-05-01,4.109
2018-05-02,4.18272
2018-05-03,4.22319
